﻿코드,거래처명,연락처,담당자,주소,메모
PT001,오성상사,010-1234-5678,김지훈,서울 중구 을지로 100,대량 발주처
PT002,한빛유통,010-2345-6789,이수민,경기 성남시 분당구 22,정기 납품
PT003,삼호상회,010-3456-7890,박서준,인천 남동구 55,부가세 계산서
PT004,대림상사,010-4567-8901,최민아,부산 해운대구 10,
PT005,명진철물,010-5678-9012,정다은,대전 서구 둔산대로 12,
PT006,세림전기,010-6789-0123,홍태경,광주 서구 상무대로 77,긴급 A/S
PT007,우성테크,010-7890-1234,임호석,울산 남구 삼산로 11,
PT008,한영몰,010-8901-2345,윤아람,경기 고양시 일산동구 88,온라인 판매처
PT009,다온유통,010-9012-3456,서하윤,충북 청주시 흥덕구 33,세트상품
PT010,제일상사,010-0123-4567,문정후,강원 춘천시 9,
