창고,열,슬롯,제품번호,제품명,수량,단위,메모
기본창고,1,1,P-015,볼트/너트 세트(200P),7,box,
기본창고,1,2,P-001,LED 작업등(18V),5,,
기본창고,1,3,P-002,스탠드 조명,5,,
기본창고,1,4,P-003,보안경,6,,
기본창고,1,5,P-004,고무장갑 L,6,,
기본창고,1,6,P-005,충전 드릴 18V,7,,
기본창고,1,7,P-006,드릴 비트 세트(10P),7,,
기본창고,1,8,P-007,절연테이프(흑),2,,
기본창고,1,9,P-008,멀티탭 4구,7,,
기본창고,1,10,P-009,충전식 헤드랜턴,6,,
기본창고,2,1,P-010,케이블 타이(100P),7,,
기본창고,2,2,P-011,"산업용 선풍기 18""",7,,
기본창고,2,5,P-014,충전식 그라인더,7,,
기본창고,3,1,P-012,작업복 상의(L),1,,
기본창고,3,2,P-013,작업복 하의(L),1,,
